scenario,repeat,complete_step_ms
bridge64-cold,0,11.702686
bridge64-cold,1,8.65411
bridge64-cold,2,8.686673
bridge64-cold,3,8.724923
bridge64-cold,4,8.968436
bridge64-cold,5,8.803238
bridge64-cold,6,8.715762
bridge64-cold,7,8.700559
bridge64-cold,8,8.236724
bridge64-cold,9,8.625994
bridge64-cold,10,8.066058
bridge64-cold,11,8.737
bridge64-cold,12,8.477981
bridge64-cold,13,8.585737
bridge64-cold,14,8.411492
bridge64-cold,15,8.578843
bridge64-cold,16,8.375752
bridge64-cold,17,8.757705
bridge64-cold,18,8.358221
bridge64-cold,19,8.735959
bridge64-warm,0,10.757592
bridge64-warm,1,8.907508
bridge64-warm,2,8.756602
bridge64-warm,3,8.716065
bridge64-warm,4,8.534546
bridge64-warm,5,8.943521
bridge64-warm,6,8.593017
bridge64-warm,7,8.265982
bridge64-warm,8,8.547207
bridge64-warm,9,9.048006
bridge64-warm,10,8.266715
bridge64-warm,11,8.400197
bridge64-warm,12,8.056007
bridge64-warm,13,8.946503
bridge64-warm,14,8.421091
bridge64-warm,15,8.297206
bridge64-warm,16,8.184954
bridge64-warm,17,8.201419
bridge64-warm,18,8.329596
bridge64-warm,19,8.707913
building-cold,0,7.281529
building-cold,1,4.895752
building-cold,2,5.05032
building-cold,3,4.809458
building-cold,4,4.942489
building-cold,5,4.618137
building-cold,6,4.214715
building-cold,7,5.02459
building-cold,8,5.217167
building-cold,9,4.850171
building-cold,10,5.006032
building-cold,11,4.705616
building-cold,12,4.942387
building-cold,13,5.241904
building-cold,14,4.621685
building-cold,15,4.536129
building-cold,16,4.797708
building-cold,17,4.97107
building-cold,18,4.801606
building-cold,19,5.151877
building-fragmented,0,11.951709
building-fragmented,1,8.03365
building-fragmented,2,8.619537
building-fragmented,3,6.829202
building-fragmented,4,7.560832
building-fragmented,5,8.292011
building-fragmented,6,8.551203
building-fragmented,7,8.302804
building-fragmented,8,8.352862
building-fragmented,9,8.213328
building-fragmented,10,8.346745
building-fragmented,11,7.946855
building-fragmented,12,8.268761
building-fragmented,13,8.332557
building-fragmented,14,8.198822
building-fragmented,15,8.403931
building-fragmented,16,8.487425
building-fragmented,17,7.934177
building-fragmented,18,7.122395
building-fragmented,19,7.834384
building-warm,0,7.238376
building-warm,1,4.884894
building-warm,2,5.160192
building-warm,3,4.865761
building-warm,4,4.763246
building-warm,5,4.940791
building-warm,6,4.860754
building-warm,7,4.775894
building-warm,8,4.854372
building-warm,9,4.604139
building-warm,10,4.92607
building-warm,11,5.14836
building-warm,12,4.522387
building-warm,13,4.920113
building-warm,14,4.534298
building-warm,15,4.294947
building-warm,16,4.184922
building-warm,17,4.41495
building-warm,18,4.296144
building-warm,19,4.736402
cantilever64-cold,0,9.919855
cantilever64-cold,1,7.522071
cantilever64-cold,2,7.410154
cantilever64-cold,3,7.416678
cantilever64-cold,4,7.567313
cantilever64-cold,5,7.400648
cantilever64-cold,6,7.399734
cantilever64-cold,7,7.372419
cantilever64-cold,8,7.392484
cantilever64-cold,9,7.437122
cantilever64-cold,10,7.531262
cantilever64-cold,11,7.29908
cantilever64-cold,12,6.531346
cantilever64-cold,13,7.341946
cantilever64-cold,14,7.360593
cantilever64-cold,15,7.545127
cantilever64-cold,16,7.359491
cantilever64-cold,17,7.611547
cantilever64-cold,18,7.213341
cantilever64-cold,19,7.386927
cantilever64-warm,0,12.290601
cantilever64-warm,1,7.456644
cantilever64-warm,2,7.410196
cantilever64-warm,3,7.426583
cantilever64-warm,4,7.207168
cantilever64-warm,5,6.823046
cantilever64-warm,6,7.079373
cantilever64-warm,7,7.714623
cantilever64-warm,8,7.686135
cantilever64-warm,9,7.166057
cantilever64-warm,10,7.293785
cantilever64-warm,11,7.328916
cantilever64-warm,12,7.354322
cantilever64-warm,13,7.449297
cantilever64-warm,14,7.276488
cantilever64-warm,15,7.066248
cantilever64-warm,16,7.11369
cantilever64-warm,17,7.103088
cantilever64-warm,18,6.963259
cantilever64-warm,19,7.721883
chain256-cold,0,9.049628
chain256-cold,1,7.161128
chain256-cold,2,6.654108
chain256-cold,3,6.567258
chain256-cold,4,7.186369
chain256-cold,5,7.017881
chain256-cold,6,7.244746
chain256-cold,7,7.612225
chain256-cold,8,7.449873
chain256-cold,9,7.598847
chain256-cold,10,7.852501
chain256-cold,11,7.656457
chain256-cold,12,7.317709
chain256-cold,13,7.178778
chain256-cold,14,6.759895
chain256-cold,15,7.027524
chain256-cold,16,7.099974
chain256-cold,17,7.153263
chain256-cold,18,7.27625
chain256-cold,19,7.393943
chain256-warm,0,9.547437
chain256-warm,1,7.458883
chain256-warm,2,7.515208
chain256-warm,3,7.335637
chain256-warm,4,7.353133
chain256-warm,5,7.277699
chain256-warm,6,7.400908
chain256-warm,7,7.403527
chain256-warm,8,7.220005
chain256-warm,9,7.292722
chain256-warm,10,7.274653
chain256-warm,11,7.38569
chain256-warm,12,7.223543
chain256-warm,13,7.429599
chain256-warm,14,7.250361
chain256-warm,15,7.347359
chain256-warm,16,7.298329
chain256-warm,17,7.297545
chain256-warm,18,7.103087
chain256-warm,19,7.143452
chain32-cold,0,6.050519
chain32-cold,1,3.021863
chain32-cold,2,3.102935
chain32-cold,3,3.056924
chain32-cold,4,2.945572
chain32-cold,5,2.458567
chain32-cold,6,2.954588
chain32-cold,7,2.472473
chain32-cold,8,2.589408
chain32-cold,9,3.039298
chain32-cold,10,3.227663
chain32-cold,11,3.023892
chain32-cold,12,2.977831
chain32-cold,13,3.158891
chain32-cold,14,3.123449
chain32-cold,15,3.07964
chain32-cold,16,2.996598
chain32-cold,17,3.028966
chain32-cold,18,3.045692
chain32-cold,19,3.063129
chain32-warm,0,6.283227
chain32-warm,1,3.187489
chain32-warm,2,3.040437
chain32-warm,3,3.450566
chain32-warm,4,3.006052
chain32-warm,5,3.128355
chain32-warm,6,3.216734
chain32-warm,7,2.938364
chain32-warm,8,3.360651
chain32-warm,9,3.125115
chain32-warm,10,3.321862
chain32-warm,11,2.972806
chain32-warm,12,3.346845
chain32-warm,13,3.146214
chain32-warm,14,3.10417
chain32-warm,15,2.982435
chain32-warm,16,2.684439
chain32-warm,17,2.78418
chain32-warm,18,2.361473
chain32-warm,19,3.15831
dense12-cold,0,33.494582
dense12-cold,1,31.200794
dense12-cold,2,31.320444
dense12-cold,3,31.373525
dense12-cold,4,31.113834
dense12-cold,5,31.260141
dense12-cold,6,31.01471
dense12-cold,7,31.71352
dense12-cold,8,31.293235
dense12-cold,9,31.403041
dense12-cold,10,31.147282
dense12-cold,11,31.880178
dense12-cold,12,31.322687
dense12-cold,13,31.165448
dense12-cold,14,30.260703
dense12-cold,15,31.04291
dense12-cold,16,31.132421
dense12-cold,17,30.96423
dense12-cold,18,30.971693
dense12-cold,19,31.508991
dense12-warm,0,34.018963
dense12-warm,1,31.495413
dense12-warm,2,30.794023
dense12-warm,3,31.216403
dense12-warm,4,31.165773
dense12-warm,5,31.02491
dense12-warm,6,31.082318
dense12-warm,7,31.314605
dense12-warm,8,31.103287
dense12-warm,9,31.193518
dense12-warm,10,31.041829
dense12-warm,11,31.013682
dense12-warm,12,31.142527
dense12-warm,13,31.336397
dense12-warm,14,31.009439
dense12-warm,15,31.685062
dense12-warm,16,31.099595
dense12-warm,17,31.237287
dense12-warm,18,30.938581
dense12-warm,19,31.514531
destruction-cold,0,6.41846
destruction-cold,1,3.278227
destruction-cold,2,3.359996
destruction-cold,3,3.434048
destruction-cold,4,3.567542
destruction-cold,5,3.313741
destruction-cold,6,4.08139
destruction-cold,7,3.342852
destruction-cold,8,3.385067
destruction-cold,9,3.440325
destruction-cold,10,4.414967
destruction-cold,11,3.314425
destruction-cold,12,3.767871
destruction-cold,13,4.238312
destruction-cold,14,3.310432
destruction-cold,15,3.180205
destruction-cold,16,3.303291
destruction-cold,17,3.34647
destruction-cold,18,3.406476
destruction-cold,19,3.313406
destruction-damaged,0,6.43696
destruction-damaged,1,3.191877
destruction-damaged,2,3.58754
destruction-damaged,3,3.303507
destruction-damaged,4,3.391367
destruction-damaged,5,3.198087
destruction-damaged,6,3.26124
destruction-damaged,7,3.372184
destruction-damaged,8,3.495309
destruction-damaged,9,3.042828
destruction-damaged,10,3.593122
destruction-damaged,11,3.403873
destruction-damaged,12,3.375064
destruction-damaged,13,3.382158
destruction-damaged,14,3.363592
destruction-damaged,15,2.941652
destruction-damaged,16,3.278598
destruction-damaged,17,3.221578
destruction-damaged,18,3.256192
destruction-damaged,19,3.372879
destruction-fractured,0,9.222591
destruction-fractured,1,5.329681
destruction-fractured,2,5.133832
destruction-fractured,3,4.916425
destruction-fractured,4,4.630147
destruction-fractured,5,4.687494
destruction-fractured,6,4.871803
destruction-fractured,7,5.529163
destruction-fractured,8,4.613592
destruction-fractured,9,4.92486
destruction-fractured,10,5.234559
destruction-fractured,11,4.673142
destruction-fractured,12,4.572937
destruction-fractured,13,5.472165
destruction-fractured,14,4.483557
destruction-fractured,15,4.664212
destruction-fractured,16,4.556607
destruction-fractured,17,4.835102
destruction-fractured,18,4.545432
destruction-fractured,19,4.698578
destruction-intact,0,6.12563
destruction-intact,1,3.456992
destruction-intact,2,3.432833
destruction-intact,3,4.556558
destruction-intact,4,3.36193
destruction-intact,5,3.414407
destruction-intact,6,4.022547
destruction-intact,7,3.588457
destruction-intact,8,2.819323
destruction-intact,9,3.525367
destruction-intact,10,3.650524
destruction-intact,11,3.781227
destruction-intact,12,3.498175
destruction-intact,13,3.460869
destruction-intact,14,3.290843
destruction-intact,15,3.397656
destruction-intact,16,3.462931
destruction-intact,17,3.153394
destruction-intact,18,3.511925
destruction-intact,19,3.224673
destruction-onset,0,7.441915
destruction-onset,1,4.125712
destruction-onset,2,4.113275
destruction-onset,3,3.957824
destruction-onset,4,3.879737
destruction-onset,5,3.816095
destruction-onset,6,3.923274
destruction-onset,7,3.874179
destruction-onset,8,4.60437
destruction-onset,9,3.815143
destruction-onset,10,3.941939
destruction-onset,11,3.856202
destruction-onset,12,5.060113
destruction-onset,13,3.783677
destruction-onset,14,3.77661
destruction-onset,15,4.124377
destruction-onset,16,3.92535
destruction-onset,17,3.879322
destruction-onset,18,3.967652
destruction-onset,19,3.902648
destruction-stimulus,0,7.641247
destruction-stimulus,1,4.27061
destruction-stimulus,2,4.146147
destruction-stimulus,3,4.018962
destruction-stimulus,4,4.118624
destruction-stimulus,5,4.003631
destruction-stimulus,6,3.842346
destruction-stimulus,7,4.970173
destruction-stimulus,8,3.911144
destruction-stimulus,9,4.060798
destruction-stimulus,10,4.001631
destruction-stimulus,11,4.212742
destruction-stimulus,12,3.945828
destruction-stimulus,13,4.089603
destruction-stimulus,14,4.03277
destruction-stimulus,15,4.111093
destruction-stimulus,16,3.980043
destruction-stimulus,17,3.883544
destruction-stimulus,18,3.748424
destruction-stimulus,19,4.02523
flying,0,2.35294
flying,1,1.740025
flying,2,1.63232
flying,3,1.784027
flying,4,1.748512
flying,5,1.716433
flying,6,1.697722
flying,7,1.753197
flying,8,1.739328
flying,9,1.710779
flying,10,1.826262
flying,11,1.64621
flying,12,1.750654
flying,13,1.715063
flying,14,1.778077
flying,15,1.747198
flying,16,1.690856
flying,17,1.644607
flying,18,1.75029
flying,19,1.595487
ladder128-cold,0,8.063094
ladder128-cold,1,5.709495
ladder128-cold,2,5.76198
ladder128-cold,3,5.643627
ladder128-cold,4,5.579949
ladder128-cold,5,5.325472
ladder128-cold,6,5.777631
ladder128-cold,7,5.624502
ladder128-cold,8,5.657815
ladder128-cold,9,5.735794
ladder128-cold,10,5.51247
ladder128-cold,11,5.640826
ladder128-cold,12,5.597137
ladder128-cold,13,6.11179
ladder128-cold,14,5.678639
ladder128-cold,15,5.674811
ladder128-cold,16,5.645512
ladder128-cold,17,5.620311
ladder128-cold,18,5.501287
ladder128-cold,19,5.861422
ladder128-warm,0,7.908563
ladder128-warm,1,5.838373
ladder128-warm,2,5.793599
ladder128-warm,3,5.56464
ladder128-warm,4,5.499545
ladder128-warm,5,5.690192
ladder128-warm,6,5.974009
ladder128-warm,7,5.538852
ladder128-warm,8,5.885883
ladder128-warm,9,5.531798
ladder128-warm,10,5.719154
ladder128-warm,11,5.632219
ladder128-warm,12,5.752648
ladder128-warm,13,6.107041
ladder128-warm,14,5.691557
ladder128-warm,15,5.687085
ladder128-warm,16,5.347132
ladder128-warm,17,5.18237
ladder128-warm,18,5.43013
ladder128-warm,19,5.649354
panel32-cold,0,23.987102
panel32-cold,1,21.421017
panel32-cold,2,21.223284
panel32-cold,3,21.227345
panel32-cold,4,21.249914
panel32-cold,5,21.539823
panel32-cold,6,21.409435
panel32-cold,7,21.120288
panel32-cold,8,21.087009
panel32-cold,9,21.083962
panel32-cold,10,21.225802
panel32-cold,11,21.3272
panel32-cold,12,21.234851
panel32-cold,13,21.634064
panel32-cold,14,21.143028
panel32-cold,15,21.09088
panel32-cold,16,21.107509
panel32-cold,17,21.291566
panel32-cold,18,21.090515
panel32-cold,19,21.815061
panel32-warm,0,23.59266
panel32-warm,1,21.407224
panel32-warm,2,21.163741
panel32-warm,3,21.14783
panel32-warm,4,21.124966
panel32-warm,5,20.9815
panel32-warm,6,20.796627
panel32-warm,7,20.963271
panel32-warm,8,21.115113
panel32-warm,9,21.067995
panel32-warm,10,20.842805
panel32-warm,11,21.030733
panel32-warm,12,20.756862
panel32-warm,13,20.693756
panel32-warm,14,20.928166
panel32-warm,15,20.828672
panel32-warm,16,21.225911
panel32-warm,17,20.853165
panel32-warm,18,21.097511
panel32-warm,19,21.193067
resting,0,2.272187
resting,1,2.096361
resting,2,1.456967
resting,3,2.016741
resting,4,1.411823
resting,5,2.168518
resting,6,1.417076
resting,7,1.37113
resting,8,1.421369
resting,9,1.447822
resting,10,1.392359
resting,11,1.424193
resting,12,1.608018
resting,13,1.131454
resting,14,1.012639
resting,15,1.094192
resting,16,1.102667
resting,17,1.140933
resting,18,1.373718
resting,19,0.970881
sliding,0,3.553911
sliding,1,3.496118
sliding,2,2.507668
sliding,3,2.936509
sliding,4,2.593059
sliding,5,2.289144
sliding,6,2.391032
sliding,7,2.404872
sliding,8,2.486582
sliding,9,2.305198
sliding,10,2.703675
sliding,11,2.388899
sliding,12,2.369809
sliding,13,2.318952
sliding,14,2.472329
sliding,15,2.385616
sliding,16,2.279103
sliding,17,2.258016
sliding,18,2.408593
sliding,19,2.306236
tower64-cold,0,111.34916
tower64-cold,1,108.294967
tower64-cold,2,108.101112
tower64-cold,3,107.783791
tower64-cold,4,107.956411
tower64-cold,5,108.141355
tower64-cold,6,108.031152
tower64-cold,7,107.86195
tower64-cold,8,108.130253
tower64-cold,9,108.190861
tower64-cold,10,108.617203
tower64-cold,11,107.343746
tower64-cold,12,107.575035
tower64-cold,13,109.353547
tower64-cold,14,109.207325
tower64-cold,15,108.069521
tower64-cold,16,108.23193
tower64-cold,17,108.527252
tower64-cold,18,108.996927
tower64-cold,19,108.916837
tower64-warm,0,111.316141
tower64-warm,1,108.736117
tower64-warm,2,109.255367
tower64-warm,3,108.65625
tower64-warm,4,108.381781
tower64-warm,5,108.326931
tower64-warm,6,108.153419
tower64-warm,7,108.17488
tower64-warm,8,108.578258
tower64-warm,9,107.774938
tower64-warm,10,107.740298
tower64-warm,11,108.038303
tower64-warm,12,108.328354
tower64-warm,13,108.70897
tower64-warm,14,108.305146
tower64-warm,15,107.968004
tower64-warm,16,108.249766
tower64-warm,17,108.25462
tower64-warm,18,108.357783
tower64-warm,19,108.567723
city25-intact-idle,0,13.081755
city25-intact-idle,1,10.721102
city25-intact-idle,2,10.15863
city25-intact-idle,3,10.174446
city25-intact-idle,4,9.788335
city25-intact-idle,5,10.556858
city25-intact-idle,6,10.093022
city25-intact-idle,7,10.125801
city25-intact-idle,8,10.120274
city25-intact-idle,9,10.248035
city25-intact-idle,10,9.792002
city25-intact-idle,11,9.374451
city25-intact-idle,12,10.283595
city25-intact-idle,13,10.268042
city25-intact-idle,14,9.242265
city25-intact-idle,15,10.081483
city25-intact-idle,16,10.134163
city25-intact-idle,17,9.264475
city25-intact-idle,18,10.006448
city25-intact-idle,19,9.393953
city25-airborne,0,14.435448
city25-airborne,1,11.500468
city25-airborne,2,11.461008
city25-airborne,3,12.911835
city25-airborne,4,11.041697
city25-airborne,5,10.842373
city25-airborne,6,11.463
city25-airborne,7,12.360537
city25-airborne,8,11.13674
city25-airborne,9,11.345371
city25-airborne,10,10.952123
city25-airborne,11,11.792554
city25-airborne,12,11.104838
city25-airborne,13,11.181085
city25-airborne,14,11.287457
city25-airborne,15,11.755125
city25-airborne,16,10.853381
city25-airborne,17,12.100784
city25-airborne,18,11.05061
city25-airborne,19,11.411003
city25-initial-impact,0,48.881067
city25-initial-impact,1,41.070683
city25-initial-impact,2,37.054283
city25-initial-impact,3,41.05478
city25-initial-impact,4,38.887575
city25-initial-impact,5,37.508882
city25-initial-impact,6,38.034302
city25-initial-impact,7,38.226683
city25-initial-impact,8,37.720617
city25-initial-impact,9,38.347897
city25-initial-impact,10,38.565318
city25-initial-impact,11,39.251438
city25-initial-impact,12,38.056264
city25-initial-impact,13,38.147188
city25-initial-impact,14,37.7643
city25-initial-impact,15,39.140539
city25-initial-impact,16,38.671205
city25-initial-impact,17,39.147316
city25-initial-impact,18,39.137061
city25-initial-impact,19,40.603851
city25-post-impact,0,29.290008
city25-post-impact,1,24.444757
city25-post-impact,2,22.163042
city25-post-impact,3,22.704615
city25-post-impact,4,20.197033
city25-post-impact,5,20.41487
city25-post-impact,6,21.941951
city25-post-impact,7,22.538105
city25-post-impact,8,21.783147
city25-post-impact,9,20.772081
city25-post-impact,10,24.112369
city25-post-impact,11,21.247047
city25-post-impact,12,21.410694
city25-post-impact,13,22.020323
city25-post-impact,14,21.74492
city25-post-impact,15,22.008511
city25-post-impact,16,21.353127
city25-post-impact,17,21.374232
city25-post-impact,18,21.124693
city25-post-impact,19,22.523369
city25-cascading-fracture,0,42.7586
city25-cascading-fracture,1,40.63633
city25-cascading-fracture,2,40.313035
city25-cascading-fracture,3,37.088209
city25-cascading-fracture,4,39.227351
city25-cascading-fracture,5,40.283641
city25-cascading-fracture,6,37.136932
city25-cascading-fracture,7,39.627474
city25-cascading-fracture,8,37.970264
city25-cascading-fracture,9,37.581371
city25-cascading-fracture,10,39.571162
city25-cascading-fracture,11,35.580566
city25-cascading-fracture,12,38.798383
city25-cascading-fracture,13,36.233365
city25-cascading-fracture,14,35.470604
city25-cascading-fracture,15,38.152692
city25-cascading-fracture,16,35.874009
city25-cascading-fracture,17,38.769542
city25-cascading-fracture,18,35.595004
city25-cascading-fracture,19,39.271261
city25-fragmented-loaded,0,63.798094
city25-fragmented-loaded,1,54.904603
city25-fragmented-loaded,2,54.023341
city25-fragmented-loaded,3,53.706496
city25-fragmented-loaded,4,53.269482
city25-fragmented-loaded,5,53.523089
city25-fragmented-loaded,6,53.246191
city25-fragmented-loaded,7,59.23953
city25-fragmented-loaded,8,53.849317
city25-fragmented-loaded,9,54.172898
city25-fragmented-loaded,10,53.283969
city25-fragmented-loaded,11,50.062299
city25-fragmented-loaded,12,53.348705
city25-fragmented-loaded,13,52.893773
city25-fragmented-loaded,14,52.605114
city25-fragmented-loaded,15,51.871838
city25-fragmented-loaded,16,56.694031
city25-fragmented-loaded,17,53.17234
city25-fragmented-loaded,18,52.313094
city25-fragmented-loaded,19,54.746157
city25-late-debris,0,85.750561
city25-late-debris,1,70.267328
city25-late-debris,2,68.257928
city25-late-debris,3,69.020355
city25-late-debris,4,64.438339
city25-late-debris,5,67.518758
city25-late-debris,6,70.531594
city25-late-debris,7,65.652494
city25-late-debris,8,67.241499
city25-late-debris,9,54.728236
city25-late-debris,10,63.426133
city25-late-debris,11,64.612266
city25-late-debris,12,64.094056
city25-late-debris,13,63.510722
city25-late-debris,14,59.459238
city25-late-debris,15,60.402411
city25-late-debris,16,60.256741
city25-late-debris,17,63.169078
city25-late-debris,18,70.97986
city25-late-debris,19,73.665645
city25-ten-second-debris,0,95.080191
city25-ten-second-debris,1,62.376527
city25-ten-second-debris,2,67.976623
city25-ten-second-debris,3,66.387491
city25-ten-second-debris,4,66.376532
city25-ten-second-debris,5,71.054085
city25-ten-second-debris,6,66.601752
city25-ten-second-debris,7,77.719496
city25-ten-second-debris,8,66.986543
city25-ten-second-debris,9,66.523779
city25-ten-second-debris,10,69.228568
city25-ten-second-debris,11,67.526028
city25-ten-second-debris,12,67.701592
city25-ten-second-debris,13,65.680645
city25-ten-second-debris,14,65.958571
city25-ten-second-debris,15,70.95048
city25-ten-second-debris,16,66.263188
city25-ten-second-debris,17,67.84367
city25-ten-second-debris,18,69.37417
city25-ten-second-debris,19,66.00369
city64-intact-idle,0,19.963986
city64-intact-idle,1,21.129103
city64-intact-idle,2,18.052575
city64-intact-idle,3,17.304876
city64-intact-idle,4,19.997422
city64-intact-idle,5,20.41619
city64-intact-idle,6,17.368779
city64-intact-idle,7,16.820014
city64-intact-idle,8,18.292806
city64-intact-idle,9,17.008978
city64-intact-idle,10,17.074767
city64-intact-idle,11,17.578643
city64-intact-idle,12,16.920374
city64-intact-idle,13,16.935165
city64-intact-idle,14,17.031796
city64-intact-idle,15,16.796634
city64-intact-idle,16,17.429552
city64-intact-idle,17,20.111414
city64-intact-idle,18,15.967499
city64-intact-idle,19,16.772747
city64-airborne,0,22.47985
city64-airborne,1,19.087006
city64-airborne,2,18.893024
city64-airborne,3,18.395858
city64-airborne,4,19.663526
city64-airborne,5,18.761114
city64-airborne,6,22.200714
city64-airborne,7,18.467127
city64-airborne,8,18.20089
city64-airborne,9,18.324328
city64-airborne,10,15.538285
city64-airborne,11,18.507181
city64-airborne,12,18.289626
city64-airborne,13,17.139101
city64-airborne,14,15.8879
city64-airborne,15,17.136665
city64-airborne,16,25.336026
city64-airborne,17,18.652493
city64-airborne,18,18.59718
city64-airborne,19,17.452062
city64-initial-impact,0,76.530359
city64-initial-impact,1,66.844913
city64-initial-impact,2,65.628957
city64-initial-impact,3,62.660544
city64-initial-impact,4,61.248336
city64-initial-impact,5,62.076697
city64-initial-impact,6,61.324655
city64-initial-impact,7,61.779754
city64-initial-impact,8,62.030403
city64-initial-impact,9,60.801817
city64-initial-impact,10,63.093913
city64-initial-impact,11,61.672457
city64-initial-impact,12,61.733394
city64-initial-impact,13,62.679654
city64-initial-impact,14,60.584045
city64-initial-impact,15,64.935746
city64-initial-impact,16,62.337084
city64-initial-impact,17,63.638522
city64-initial-impact,18,61.803411
city64-initial-impact,19,63.269576
city64-post-impact,0,46.823031
city64-post-impact,1,37.979049
city64-post-impact,2,33.284014
city64-post-impact,3,37.324971
city64-post-impact,4,37.331067
city64-post-impact,5,34.573914
city64-post-impact,6,45.032327
city64-post-impact,7,42.743434
city64-post-impact,8,36.714638
city64-post-impact,9,36.532861
city64-post-impact,10,31.961181
city64-post-impact,11,38.17492
city64-post-impact,12,33.389578
city64-post-impact,13,32.481
city64-post-impact,14,34.458915
city64-post-impact,15,37.694339
city64-post-impact,16,36.64531
city64-post-impact,17,37.872756
city64-post-impact,18,39.156386
city64-post-impact,19,37.719002
city64-cascading-fracture,0,71.194481
city64-cascading-fracture,1,64.359663
city64-cascading-fracture,2,57.498593
city64-cascading-fracture,3,56.586399
city64-cascading-fracture,4,61.735746
city64-cascading-fracture,5,59.703103
city64-cascading-fracture,6,58.968769
city64-cascading-fracture,7,57.298828
city64-cascading-fracture,8,60.224372
city64-cascading-fracture,9,56.370636
city64-cascading-fracture,10,61.107592
city64-cascading-fracture,11,60.605317
city64-cascading-fracture,12,59.019949
city64-cascading-fracture,13,58.677961
city64-cascading-fracture,14,58.267385
city64-cascading-fracture,15,59.299951
city64-cascading-fracture,16,54.375175
city64-cascading-fracture,17,58.748008
city64-cascading-fracture,18,57.45365
city64-cascading-fracture,19,58.873029
city64-fragmented-loaded,0,117.25859
city64-fragmented-loaded,1,95.948168
city64-fragmented-loaded,2,97.537805
city64-fragmented-loaded,3,95.767392
city64-fragmented-loaded,4,94.214
city64-fragmented-loaded,5,96.766263
city64-fragmented-loaded,6,95.854777
city64-fragmented-loaded,7,94.518869
city64-fragmented-loaded,8,95.359204
city64-fragmented-loaded,9,90.625736
city64-fragmented-loaded,10,94.326413
city64-fragmented-loaded,11,91.920335
city64-fragmented-loaded,12,94.090763
city64-fragmented-loaded,13,88.777951
city64-fragmented-loaded,14,92.871406
city64-fragmented-loaded,15,93.671472
city64-fragmented-loaded,16,92.149911
city64-fragmented-loaded,17,79.036238
city64-fragmented-loaded,18,96.356258
city64-fragmented-loaded,19,91.509401
city64-late-debris,0,171.554141
city64-late-debris,1,142.391442
city64-late-debris,2,130.481251
city64-late-debris,3,137.778069
city64-late-debris,4,132.442898
city64-late-debris,5,129.493297
city64-late-debris,6,135.902594
city64-late-debris,7,121.486888
city64-late-debris,8,131.736987
city64-late-debris,9,131.991202
city64-late-debris,10,124.576874
city64-late-debris,11,133.488676
city64-late-debris,12,133.276064
city64-late-debris,13,131.185821
city64-late-debris,14,133.234809
city64-late-debris,15,138.074108
city64-late-debris,16,134.46311
city64-late-debris,17,120.064852
city64-late-debris,18,132.168604
city64-late-debris,19,130.169626
city64-ten-second-debris,0,131.262977
city64-ten-second-debris,1,110.752759
city64-ten-second-debris,2,106.418744
city64-ten-second-debris,3,104.119298
city64-ten-second-debris,4,95.001178
city64-ten-second-debris,5,85.532808
city64-ten-second-debris,6,87.319441
city64-ten-second-debris,7,86.160332
city64-ten-second-debris,8,97.025495
city64-ten-second-debris,9,100.285569
city64-ten-second-debris,10,98.01753
city64-ten-second-debris,11,91.868246
city64-ten-second-debris,12,94.149145
city64-ten-second-debris,13,94.81262
city64-ten-second-debris,14,86.820387
city64-ten-second-debris,15,88.89943
city64-ten-second-debris,16,90.239531
city64-ten-second-debris,17,95.723557
city64-ten-second-debris,18,94.695763
city64-ten-second-debris,19,94.52479
city256-intact-idle,0,73.393962
city256-intact-idle,1,66.947646
city256-intact-idle,2,58.751475
city256-intact-idle,3,64.094796
city256-intact-idle,4,62.38806
city256-intact-idle,5,66.894482
city256-intact-idle,6,62.636881
city256-intact-idle,7,59.576825
city256-intact-idle,8,65.56911
city256-intact-idle,9,61.206837
city256-intact-idle,10,79.530045
city256-intact-idle,11,67.376386
city256-intact-idle,12,57.841371
city256-intact-idle,13,74.688325
city256-intact-idle,14,62.353263
city256-intact-idle,15,64.931437
city256-intact-idle,16,61.12507
city256-intact-idle,17,64.451547
city256-intact-idle,18,74.016911
city256-intact-idle,19,72.183514
city256-airborne,0,72.70605
city256-airborne,1,83.665572
city256-airborne,2,68.030329
city256-airborne,3,73.943907
city256-airborne,4,75.168152
city256-airborne,5,82.539026
city256-airborne,6,74.324483
city256-airborne,7,77.61239
city256-airborne,8,66.160751
city256-airborne,9,68.311167
city256-airborne,10,71.680607
city256-airborne,11,66.311972
city256-airborne,12,68.731475
city256-airborne,13,67.527114
city256-airborne,14,64.810563
city256-airborne,15,76.982133
city256-airborne,16,68.470448
city256-airborne,17,74.15937
city256-airborne,18,75.670295
city256-airborne,19,63.592931
city256-initial-impact,0,288.231896
city256-initial-impact,1,264.717996
city256-initial-impact,2,210.534761
city256-initial-impact,3,269.288637
city256-initial-impact,4,252.415994
city256-initial-impact,5,238.405043
city256-initial-impact,6,240.75824
city256-initial-impact,7,240.807742
city256-initial-impact,8,227.186168
city256-initial-impact,9,248.525263
city256-initial-impact,10,226.234151
city256-initial-impact,11,228.72144
city256-initial-impact,12,234.732349
city256-initial-impact,13,245.593805
city256-initial-impact,14,230.050604
city256-initial-impact,15,232.226925
city256-initial-impact,16,219.231259
city256-initial-impact,17,243.286611
city256-initial-impact,18,237.069994
city256-initial-impact,19,239.847758
city256-post-impact,0,170.424551
city256-post-impact,1,149.578582
city256-post-impact,2,157.90935
city256-post-impact,3,112.581165
city256-post-impact,4,124.730164
city256-post-impact,5,151.36494
city256-post-impact,6,144.971571
city256-post-impact,7,156.776724
city256-post-impact,8,153.311253
city256-post-impact,9,134.475155
city256-post-impact,10,152.108715
city256-post-impact,11,153.055434
city256-post-impact,12,151.969939
city256-post-impact,13,148.699526
city256-post-impact,14,127.699524
city256-post-impact,15,154.306298
city256-post-impact,16,148.686383
city256-post-impact,17,137.570033
city256-post-impact,18,148.084948
city256-post-impact,19,130.124581
city256-cascading-fracture,0,223.422504
city256-cascading-fracture,1,209.28959
city256-cascading-fracture,2,211.764735
city256-cascading-fracture,3,205.76128
city256-cascading-fracture,4,203.42098
city256-cascading-fracture,5,208.560962
city256-cascading-fracture,6,185.708495
city256-cascading-fracture,7,203.995804
city256-cascading-fracture,8,175.119115
city256-cascading-fracture,9,168.505296
city256-cascading-fracture,10,186.805375
city256-cascading-fracture,11,167.213548
city256-cascading-fracture,12,200.524753
city256-cascading-fracture,13,196.921811
city256-cascading-fracture,14,219.594213
city256-cascading-fracture,15,186.620584
city256-cascading-fracture,16,215.22321
city256-cascading-fracture,17,197.956804
city256-cascading-fracture,18,194.552576
city256-cascading-fracture,19,183.611794
city256-fragmented-loaded,0,315.009005
city256-fragmented-loaded,1,315.858839
city256-fragmented-loaded,2,316.498538
city256-fragmented-loaded,3,300.56908
city256-fragmented-loaded,4,267.778644
city256-fragmented-loaded,5,253.307355
city256-fragmented-loaded,6,289.916637
city256-fragmented-loaded,7,265.553333
city256-fragmented-loaded,8,258.449404
city256-fragmented-loaded,9,248.565601
city256-fragmented-loaded,10,292.511797
city256-fragmented-loaded,11,285.757507
city256-fragmented-loaded,12,325.612686
city256-fragmented-loaded,13,312.908475
city256-fragmented-loaded,14,307.848859
city256-fragmented-loaded,15,295.030657
city256-fragmented-loaded,16,284.661002
city256-fragmented-loaded,17,289.318107
city256-fragmented-loaded,18,309.961608
city256-fragmented-loaded,19,312.782166
city256-late-debris,0,452.158173
city256-late-debris,1,359.116994
city256-late-debris,2,402.739271
city256-late-debris,3,431.295517
city256-late-debris,4,354.140202
city256-late-debris,5,354.407355
city256-late-debris,6,378.348844
city256-late-debris,7,383.314397
city256-late-debris,8,365.059771
city256-late-debris,9,377.959052
city256-late-debris,10,365.311514
city256-late-debris,11,374.271933
city256-late-debris,12,395.771469
city256-late-debris,13,372.019282
city256-late-debris,14,373.964201
city256-late-debris,15,396.013141
city256-late-debris,16,398.623256
city256-late-debris,17,384.978981
city256-late-debris,18,367.56727
city256-late-debris,19,370.604844
city256-ten-second-debris,0,347.191481
city256-ten-second-debris,1,263.705615
city256-ten-second-debris,2,292.062658
city256-ten-second-debris,3,257.533111
city256-ten-second-debris,4,286.457758
city256-ten-second-debris,5,236.812839
city256-ten-second-debris,6,257.987474
city256-ten-second-debris,7,237.669334
city256-ten-second-debris,8,258.874096
city256-ten-second-debris,9,241.367877
city256-ten-second-debris,10,231.451051
city256-ten-second-debris,11,266.056866
city256-ten-second-debris,12,272.009155
city256-ten-second-debris,13,235.224816
city256-ten-second-debris,14,250.984756
city256-ten-second-debris,15,256.136671
city256-ten-second-debris,16,232.387325
city256-ten-second-debris,17,245.986378
city256-ten-second-debris,18,260.693202
city256-ten-second-debris,19,247.181381
