scenario,arm,mean_ms,max_ms,sd_ms,n,misses60hz,restore_mean_ms,context_setup_ms,command_ms,simulate_fetch_ms,completion_ms
bridge64-cold,A0,8.74405115,11.701534,0.7482607292336623,20,0,21.4093639,445.142748,0.0001166,8.5428934,0.20104115
bridge64-cold,B,8.628415,13.818572,1.2602793081046924,20,0,21.4111501,436.073989,9.13e-05,8.42041025,0.20791345
bridge64-cold,A1,8.7337011,11.233626,0.6166110725249834,20,0,21.0502573,436.585234,0.00011705,8.53879645,0.1947876
bridge64-warm,A0,8.78758075,11.724564,0.7520419348802354,20,0,21.29724995,443.801501,0.0001416,8.6060438,0.18139535
bridge64-warm,B,8.35373995,11.509871,0.879664850904891,20,0,19.813163,431.81527,0.00013395,8.18265945,0.17094655
bridge64-warm,A1,7.9052733,10.514882,0.7235736167883825,20,0,19.55842495,455.665664,8.675e-05,7.7100281,0.19515845
building-cold,A0,4.47798335,7.030874,0.6942314146814125,20,0,18.28982595,416.790381,8.53e-05,4.31100265,0.1668954
building-cold,B,4.4619887,7.969964,0.8893937396171737,20,0,20.57281305,458.015117,0.0001099,4.3049126,0.1569662
building-cold,A1,4.8014208499999995,7.413749,0.6311574364736813,20,0,20.66533395,470.281823,0.00011495,4.6343034,0.1670025
building-fragmented,A0,8.20424985,15.020766,1.7779083996387819,20,0,21.442092849999998,437.358978,0.0001067,8.0300253,0.17411785
building-fragmented,B,8.92490275,14.939841,1.529124222517268,20,0,22.90962055,463.389999,0.0001469,8.66936425,0.2553916
building-fragmented,A1,8.6464437,14.920165,1.5399338068807442,20,0,21.26150715,476.053705,8.96e-05,8.4607547,0.1855994
building-warm,A0,4.4642165,7.410943,0.7908095345247904,20,0,19.28226155,452.741266,0.00011485,4.29140905,0.1726926
building-warm,B,4.10169115,7.247443,0.7592243411907676,20,0,19.875854,453.563126,0.0001369,3.9291047,0.17244955
building-warm,A1,4.26469665,5.960441,0.5308435750278464,20,0,19.72420585,463.522053,0.0001397,4.01855815,0.2459988
cantilever64-cold,A0,7.38740185,10.272427,0.6882513550398863,20,0,16.06837035,407.30564,0.0001234,7.1385003,0.24877815
cantilever64-cold,B,7.62263875,10.498028,0.7122161745502831,20,0,17.898683899999998,441.293928,0.00015045,7.36884705,0.25364125
cantilever64-cold,A1,7.20559915,9.83211,0.6310840629621112,20,0,17.9028993,457.164306,0.0001778,7.054825,0.15059635
cantilever64-warm,A0,7.06937195,9.794548,0.6755510621577553,20,0,17.5042701,453.694631,0.0001334,6.86102555,0.208213
cantilever64-warm,B,6.6158117,8.19754,0.4348365599289607,20,0,17.1414935,445.093775,0.00012209999999999999,6.4290693,0.1866203
cantilever64-warm,A1,6.862486,9.521216,0.6598249618859457,20,0,17.06725575,463.988708,0.00015565,6.6790958,0.18323455
chain256-cold,A0,6.59846635,7.871381,0.5275473013754836,20,0,15.98426465,382.307241,0.00012055,6.42045325,0.17789255
chain256-cold,B,7.07800685,10.474631,0.8464119437422939,20,0,18.356974349999998,466.882034,0.0001369,6.86813155,0.2097384
chain256-cold,A1,6.38366945,9.160528,0.7114090092775095,20,0,16.09445995,456.949753,0.00014545,6.19569375,0.18783025
chain256-warm,A0,6.99794935,9.761734,0.688888010178591,20,0,17.7898534,469.628443,0.00015595,6.7814746,0.2163188
chain256-warm,B,6.9907346,8.800094,0.533184920218749,20,0,18.0209767,437.838897,0.00011455,6.78869035,0.2019297
chain256-warm,A1,6.9347506,10.029662,0.8770755874452087,20,0,17.3756225,419.775046,0.0001068,6.712458,0.2221858
chain32-cold,A0,2.90112805,4.325372,0.41039873628928175,20,0,16.21240885,434.234881,0.0006032499999999999,2.7371482,0.1633766
chain32-cold,B,2.61658935,4.492092,0.5105293727012834,20,0,16.4977452,441.032813,9.56e-05,2.4380893,0.17840445
chain32-cold,A1,2.9716743,6.928729,1.0023695679323332,20,0,16.15292965,435.585618,0.0001018,2.7984899,0.1730826
chain32-warm,A0,2.6639713,6.079256,0.8589594828313529,20,0,16.61972785,446.243669,0.0001033,2.4191491,0.2447189
chain32-warm,B,3.25668805,6.944343,0.9089636948043447,20,0,16.6556723,454.730056,9.655e-05,3.0975435,0.159048
chain32-warm,A1,2.38237335,5.621271,0.8542107956908945,20,0,15.73717955,420.29299,0.00011945,2.2512048,0.1310491
dense12-cold,A0,31.03738165,32.863033,0.7584412870571271,20,20,37.1597023,441.217806,0.000204,30.83702525,0.2001524
dense12-cold,B,30.87992245,34.263777,0.9505907139721882,20,20,35.637576,441.822278,0.0001421,30.67490515,0.2048752
dense12-cold,A1,30.849457,33.073033,0.7423059402389998,20,20,35.7228608,429.22299,0.0001891,30.63431885,0.21494905
dense12-warm,A0,31.2349511,33.734196,0.7648398893048686,20,20,36.2303037,437.936756,0.0001796,31.07018645,0.16458505
dense12-warm,B,31.43561475,34.624495,0.7809942983801506,20,20,35.95177195,442.526634,0.0001465,31.234958549999998,0.2005097
dense12-warm,A1,31.32747515,33.648387,0.6081150593672111,20,20,35.02587925,432.961831,0.0001851,31.12598805,0.201302
destruction-cold,A0,3.13299455,6.886448,0.9312197216808249,20,0,14.51829865,416.104962,7.8e-05,2.97027445,0.1626421
destruction-cold,B,3.456602,7.346314,0.9406359912403611,20,0,15.56654215,429.563174,0.0001153,3.28979975,0.16668695
destruction-cold,A1,2.62677635,6.634902,1.0492427055278477,20,0,16.013213450000002,449.104438,0.00013115,2.46256445,0.16408075
destruction-damaged,A0,3.07374475,6.784647,0.9955109503521492,20,0,15.810159800000001,462.602147,7.23e-05,2.9132855,0.16038695
destruction-damaged,B,3.41857245,7.226662,0.9480728268487038,20,0,16.70981555,452.126245,0.0001027,3.2487332,0.16973654999999999
destruction-damaged,A1,3.5275672499999997,7.22617,0.9234408306978209,20,0,15.699695649999999,430.750372,8.425e-05,3.3665701,0.1609129
destruction-fractured,A0,4.84389555,9.357663,1.2548109748628937,20,0,16.93204785,442.476411,0.00012575,4.66617735,0.17759245
destruction-fractured,B,5.7065517,10.369509,1.7589611047121598,20,0,17.9302356,447.08624,0.00018055,5.48211565,0.2242555
destruction-fractured,A1,5.2409983,10.152203,1.27615129488957,20,0,15.98853775,434.319838,0.00011805,5.076575,0.16430525
destruction-intact,A0,3.3311049500000003,6.459831,0.8424239698517528,20,0,15.63403155,438.37749,9.27e-05,3.2023129,0.12869935
destruction-intact,B,3.44997525,7.641911,0.9979616619204038,20,0,15.64892235,417.848691,0.00010525,3.2653955,0.1844745
destruction-intact,A1,2.71234695,6.086308,0.8263728244027105,20,0,15.633390649999999,433.254166,0.00010195,2.5286786,0.1835664
destruction-onset,A0,4.03848775,7.451875,0.8788672755897893,20,0,17.200483549999998,447.050664,0.00010290000000000001,3.8836211,0.15476375
destruction-onset,B,4.10220995,8.200174,0.9995549507250702,20,0,16.3813127,425.642608,0.0001227,3.93541535,0.1666719
destruction-onset,A1,3.0992419,5.251917,0.6440790980120294,20,0,15.34763495,443.840706,9.755e-05,2.9293003,0.16984405
destruction-stimulus,A0,3.2989318,7.996117,1.2035692135299993,20,0,15.74408035,424.02442,0.00261675,3.1423014,0.15401365
destruction-stimulus,B,4.01675985,7.89774,0.9316803129590092,20,0,15.02897585,409.400145,0.0017242,3.8639,0.15113565
destruction-stimulus,A1,2.90966615,6.705431,0.9382073013883151,20,0,16.3174715,430.162581,0.0017588,2.76165805,0.1462493
flying,A0,2.01426575,3.052404,0.30705469493095977,20,0,7.1036402,436.57106,0.0001386,2.0136589,0.00046825
flying,B,1.83727365,2.657357,0.22896411440390785,20,0,6.93973065,431.489293,0.00011905,1.8366505,0.0005041
flying,A1,1.6211279,2.880637,0.4484528931469661,20,0,6.9799753,431.00051,8.52e-05,1.6206311,0.0004116
ladder128-cold,A0,5.4955741,8.333881,0.6881535251858985,20,0,18.968158,436.994786,0.0001047,5.32177,0.1736994
ladder128-cold,B,5.7078217,8.706034,0.7354624892353254,20,0,19.1313746,427.41187,0.0001027,5.5369294,0.1707896
ladder128-cold,A1,5.38684565,7.736356,0.6354154600495047,20,0,18.7041993,418.169798,0.00010510000000000001,5.22342625,0.1633143
ladder128-warm,A0,5.3866695,8.213811,0.6905701738062464,20,0,19.4286181,431.724055,0.0001188,5.23343025,0.15312045
ladder128-warm,B,5.6929716,8.667011,0.7202972594272159,20,0,20.171134549999998,454.621218,0.00015515,5.51737435,0.1754421
ladder128-warm,A1,4.92240085,6.611247,0.5780444405761345,20,0,21.7046798,462.011195,0.0001362,4.7422548,0.18000985
panel32-cold,A0,20.9220647,23.376105,0.645365120485181,20,20,25.57462175,434.502455,0.00017025,20.7371606,0.18473385
panel32-cold,B,20.864335,23.477147,0.7534211651324068,20,20,26.4258305,420.784755,0.00014995,20.660623,0.20356205
panel32-cold,A1,20.767557,23.649057,0.7571377044232197,20,20,25.6773617,451.54543,0.00013135,20.57529725,0.1921284
panel32-warm,A0,20.6599825,22.700264,0.563928634956541,20,20,26.3992277,464.992554,0.0001753,20.46910825,0.19069895
panel32-warm,B,21.220968,24.163225,0.9510291931179223,20,20,27.382607450000002,440.284676,0.00017435,21.0220454,0.19874825
panel32-warm,A1,21.0935033,24.582143,0.861988945849203,20,20,30.20769465,450.285469,0.0002101,20.8982275,0.1950657
resting,A0,1.54290495,2.808636,0.424711690058026,20,0,7.13165545,448.949244,0.00012305,1.5423439,0.000438
resting,B,1.5286577,2.826787,0.3853175749493561,20,0,7.00596455,429.768968,8.92e-05,1.52816195,0.00040655
resting,A1,1.525285,2.749886,0.394243092387372,20,0,6.34965965,402.087256,0.0001015,1.5247331,0.0004504
sliding,A0,2.89247255,4.245342,0.6361109904102283,20,0,7.097955549999999,452.171291,0.0001289,2.89185935,0.0004843
sliding,B,2.80235625,4.61052,0.7438772228155506,20,0,6.9122546499999995,427.858059,0.0001408,2.80171185,0.0005036
sliding,A1,2.32037395,3.556051,0.41982246690294106,20,0,7.247406750000001,437.955602,0.00013035,2.3197349,0.0005087000000000001
tower64-cold,A0,107.8852244,110.274218,0.6864101197637948,20,20,39.07493805,411.761923,0.00016885,107.70654805,0.17850749999999999
tower64-cold,B,108.1695644,111.459634,0.9152595113335705,20,20,41.18496405,434.651132,0.00021405,108.0148915,0.15445885
tower64-cold,A1,108.16918295,111.560704,1.1282164189200063,20,20,41.0242641,431.169294,0.00021565,107.9907997,0.1781676
tower64-warm,A0,108.04222435,110.602792,0.7714775564338766,20,20,38.8263755,395.780585,0.00017225,107.8721442,0.1699079
tower64-warm,B,107.9786699,111.185883,0.8877891559456119,20,20,40.987522,435.544692,0.00018085,107.80073735,0.1777517
tower64-warm,A1,108.57647645,111.346631,1.1479801781374428,20,20,36.0315014,410.817314,0.0001771,108.39119955,0.1850998
city25-intact-idle,A0,9.6862409,12.707923,0.74269994077398,20,0,59.4541668,531.116068,0.00011205,9.51483425,0.1712946
city25-intact-idle,B,9.173415349999999,13.501144,1.0626460166328735,20,0,62.00857195,604.767872,0.0001159,8.99569435,0.1776051
city25-intact-idle,A1,9.78963945,12.920121,0.7839872546834227,20,0,60.6984246,573.266556,8.46e-05,9.5792249,0.21032995
city25-airborne,A0,10.79106755,16.752976,1.4651815261599743,20,1,59.89083115,531.095285,9.215e-05,10.6166348,0.1743406
city25-airborne,B,9.74105335,13.643478,1.0798802006988542,20,0,60.9339039,505.867121,8.575e-05,9.552948,0.1880196
city25-airborne,A1,10.7184465,14.109736,0.9547668421679825,20,0,61.50267595,576.366174,9.28e-05,10.53618805,0.18216565
city25-initial-impact,A0,39.53507315,49.891963,2.70127975011111,20,20,60.34504305,577.966777,9.19e-05,39.27961055,0.2553707
city25-initial-impact,B,36.00775745,45.316123,3.1142960058155147,20,20,59.418664,587.641794,0.00013415,35.827899,0.1797243
city25-initial-impact,A1,38.90300945,47.934617,2.771059132566719,20,20,64.20732455,574.923508,0.00011070000000000001,38.6709187,0.23198005
city25-post-impact,A0,22.47403505,29.413356,1.9897832413153493,20,20,64.42874379999999,580.106278,0.00013705,22.2898681,0.1840299
city25-post-impact,B,22.2954736,34.905606,3.177198452098664,20,20,63.9462331,575.850187,0.00011165,22.1036757,0.19168625
city25-post-impact,A1,22.42881805,28.915042,2.3803876818753813,20,20,64.9872632,603.512157,9.135e-05,22.22082145,0.20790524999999999
city25-cascading-fracture,A0,39.09737295,49.896434,3.101287638688662,20,20,62.4646574,558.553065,8.37e-05,38.9142371,0.18305215
city25-cascading-fracture,B,38.3431137,49.227725,3.372913627607491,20,20,63.7205682,586.766843,0.0001177,38.09617595,0.24682005
city25-cascading-fracture,A1,40.58063825,50.606012,2.9000672146518633,20,20,63.29879235,579.559587,0.0001318,40.4017485,0.17875795
city25-fragmented-loaded,A0,52.5684633,61.314973,3.290568074611228,20,20,65.5199592,588.532738,0.0001483,52.38860735,0.17970765
city25-fragmented-loaded,B,53.20909235,65.42381,4.2030666902145875,20,20,65.02822465,586.600351,9.875e-05,53.0206218,0.1883718
city25-fragmented-loaded,A1,51.5028946,62.744194,3.104608755494803,20,20,66.5626369,594.280133,0.0001322,51.29139555,0.21136685
city25-late-debris,A0,66.8605464,75.383106,3.7849107834170503,20,20,66.81652625,587.652932,0.00011775,66.6572984,0.20313025
city25-late-debris,B,67.67859745,82.363039,3.8099429409552004,20,20,69.67632975000001,577.12847,9.620000000000001e-05,67.4504165,0.22808475
city25-late-debris,A1,69.16357125,86.900793,4.812550220160581,20,20,70.51960125,596.453815,0.0001436,68.924176,0.23925165
city25-ten-second-debris,A0,68.77113925,88.203082,5.492939396060104,20,20,71.5364036,587.338573,0.00018229999999999999,68.5553237,0.21563325
city25-ten-second-debris,B,68.8898974,90.203025,6.212526029221568,20,20,71.4482169,573.34693,0.0001304,68.68456245,0.20520455
city25-ten-second-debris,A1,62.8159742,86.305642,6.44907178219117,20,20,66.74108340000001,607.87507,9.065e-05,62.6248476,0.19103595
city64-intact-idle,A0,18.670328950000002,23.708798,2.5444184326502732,20,14,152.2797882,1281.560159,0.0001187,18.4814116,0.18879865
city64-intact-idle,B,15.587807250000001,21.438873,1.7647294581270696,20,3,152.91081954999999,1287.17438,0.0001259,15.3470461,0.24063525
city64-intact-idle,A1,16.19820145,21.346699,2.077208846730035,20,4,149.9273288,1286.634726,0.0001409,16.00287685,0.19518370000000002
city64-airborne,A0,18.082692,23.104911,1.7595496836229672,20,18,147.4239534,1271.883851,0.0001022,17.80351715,0.27907265
city64-airborne,B,16.24024285,19.275533,1.4000969280298632,20,8,149.8447197,1295.410384,0.00014345,16.02553935,0.21456005
city64-airborne,A1,17.9241145,24.369188,1.5729616669492752,20,20,147.86758245000001,1272.02732,0.00012905,17.7191432,0.20484225
city64-initial-impact,A0,59.5992312,78.026749,4.661604303826973,20,20,145.45796405000002,1297.127103,9.08e-05,59.4144915,0.1846489
city64-initial-impact,B,63.73763025,83.085019,5.6157341437942945,20,20,148.586836,1269.478087,0.0001034,63.5545509,0.18297595
city64-initial-impact,A1,60.787021100000004,77.637618,5.420980784887158,20,20,146.09140475,1282.762262,0.0001209,60.5881887,0.19871149999999999
city64-post-impact,A0,36.2177469,48.444095,4.446389042449021,20,20,152.42425375,1308.206357,0.00011475,36.0095781,0.20805405
city64-post-impact,B,37.46779145,48.141285,2.800109525045677,20,20,151.91903445,1292.561574,0.000135,37.26653065,0.2011258
city64-post-impact,A1,36.08270195,47.023469,3.926804317085163,20,20,149.21991939999998,1299.675039,0.00014065,35.87497735,0.20758395
city64-cascading-fracture,A0,57.0554251,73.029572,4.597245938851731,20,20,151.0679225,1315.108607,0.0001519,56.86962245,0.18565075
city64-cascading-fracture,B,56.9881025,69.226052,3.430092225511904,20,20,153.50583095,1309.562797,0.00011425,56.76918295,0.2188053
city64-cascading-fracture,A1,55.88309175,74.085565,6.313523635574577,20,20,150.04837385,1251.169121,0.00012745,55.69996705,0.18299725
city64-fragmented-loaded,A0,88.7259488,112.848841,7.3249092011697385,20,20,158.1862237,1304.209051,0.0001847,88.53313085,0.19263325
city64-fragmented-loaded,B,87.64681235,104.542172,4.695287465920419,20,20,157.36667415,1259.563864,0.0001589,87.44354525,0.2031082
city64-fragmented-loaded,A1,86.78874225,102.250294,4.1834766297182435,20,20,154.35655815,1260.651365,0.00011045,86.6144291,0.1742027
city64-late-debris,A0,130.3947537,150.87172,7.084336815123637,20,20,171.52003715,1294.577911,0.00019545,130.1497028,0.24485545
city64-late-debris,B,132.43008745,158.933277,9.072926040358082,20,20,170.21664905,1266.001111,0.000186,132.15353565,0.2763658
city64-late-debris,A1,123.42593,154.962436,8.94998193272475,20,20,159.93136375,1279.924915,0.00017185,123.2140332,0.21172495
city64-ten-second-debris,A0,100.94496895,136.854479,10.136897212424538,20,20,164.5845836,1249.776378,0.00016055,100.71264504999999,0.23216335
city64-ten-second-debris,B,97.84609825,133.170155,9.1714309659973,20,20,159.8945781,1248.470898,0.00019315,97.4451652,0.4007399
city64-ten-second-debris,A1,100.04164475,140.173119,12.172861868168889,20,20,165.07681929999998,1257.453463,0.00012445,99.81726015,0.22426015
city256-intact-idle,A0,60.71109885,76.775871,5.4616602120236015,20,20,444.48388655,1798.626806,0.0001387,60.4517425,0.25921765
city256-intact-idle,B,56.5080729,73.586461,7.078068863929229,20,20,443.23301095,1781.459047,0.0002574,56.2422167,0.2655988
city256-intact-idle,A1,60.8262096,81.674489,7.016325012586194,20,20,428.6314405,1766.259807,0.00019355,60.58517045,0.2408456
city256-airborne,A0,65.41685125,82.020996,5.7552493214055405,20,20,436.9395594,1743.851669,0.00012585,65.1898546,0.2268708
city256-airborne,B,62.6058323,80.118759,8.014155613299486,20,20,436.80241105,1746.73144,0.00017805,62.3727859,0.23286835
city256-airborne,A1,65.46916725,78.017961,5.579864680228251,20,20,428.039572,1726.158575,0.0001575,65.1567174,0.31229235
city256-initial-impact,A0,222.70324535,234.849371,9.510813994704373,20,20,431.98593925,1710.040453,0.00012495,222.4687109,0.2344095
city256-initial-impact,B,215.1632645,270.599408,20.40666235606724,20,20,432.05623705,1721.820369,0.0001679,214.92147839999998,0.2416182
city256-initial-impact,A1,212.54894075,248.62941,16.71089662841862,20,20,431.22898680000003,1754.665599,0.0001301,212.3359156,0.21289505
city256-post-impact,A0,125.79716385,185.274465,18.230084342647515,20,20,481.5639398,1789.035514,0.00015975,125.58256955,0.21443455
city256-post-impact,B,135.48885975,164.599703,13.078439316813949,20,20,474.4449261,1750.332003,0.0001733,135.28663325,0.2020532
city256-post-impact,A1,134.58128715,174.291801,13.884062785913557,20,20,479.65945655,1734.497228,0.00021885,134.35565855,0.22540975
city256-cascading-fracture,A0,192.70420025,217.039308,12.294086492269058,20,20,476.247304,1802.999346,0.00015395,192.46007325,0.24397305
city256-cascading-fracture,B,180.29690545,206.111477,11.140212402399456,20,20,475.10600535,1738.838003,0.00016535,180.0751109,0.2216292
city256-cascading-fracture,A1,190.31165555,223.96145,14.044518511344338,20,20,468.95993004999997,1724.533048,0.00019875,190.08729,0.2241668
city256-fragmented-loaded,A0,270.83063945,322.839738,23.84724672758131,20,20,491.72297415,1774.508474,0.0001728,270.6254162,0.20505045
city256-fragmented-loaded,B,277.5524549,321.389674,20.901739962296375,20,20,488.72775775,1697.160012,0.00013385,277.28386775,0.2684533
city256-fragmented-loaded,A1,272.2395134,315.134254,19.616475214888005,20,20,499.7657727,1754.891159,0.00013535,272.0057862,0.23359185
city256-late-debris,A0,350.88511355,407.887256,25.150908604583385,20,20,505.15577735,1790.21073,0.00013835,350.6662604,0.2187148
city256-late-debris,B,339.5399486,419.868,26.617409080545073,20,20,489.61867625,1670.094942,0.00021885,339.3183209,0.22140885
city256-late-debris,A1,334.403421,401.87741,28.544346670579532,20,20,486.9302787,1738.894651,0.0001714,334.15993375,0.24331585
city256-ten-second-debris,A0,258.20044985,336.654086,26.90136695560676,20,20,516.90996385,1834.984796,0.000173,257.954367,0.24590985
city256-ten-second-debris,B,249.3287808,349.815165,29.292411424968652,20,20,495.06758865,1769.836817,0.0001224,249.1184265,0.2102319
city256-ten-second-debris,A1,240.9512317,334.353302,34.34431117175089,20,20,499.3657862,1754.661509,0.0002124,240.72891125,0.22210805
